generator,run,connectivity,longest_path,avg_path,rect_rooms,prefab_rooms,bfs_rooms
room_accretion,0,0.7976878612716763,36,20.659420289855074,8,4,0
room_accretion,1,1.0,42,22.070422535211268,12,0,0
room_accretion,2,0.922077922077922,55,24.389671361502348,10,2,0
room_accretion,3,1.0,78,44.443349753694584,11,1,0
room_accretion,4,0.9938461538461538,91,45.29102167182663,6,6,0
room_accretion,5,0.9903536977491961,57,34.69155844155844,10,2,0
room_accretion,6,1.0,35,21.65326633165829,12,0,0
room_accretion,7,1.0,67,36.90204081632653,11,1,0
room_accretion,8,1.0,78,39.43783783783784,10,2,0
room_accretion,9,1.0,93,48.796561604584525,12,0,0
room_accretion,10,0.992619926199262,84,43.594795539033456,7,5,0
room_accretion,11,1.0,67,37.08045977011494,11,1,0
room_accretion,12,0.9888475836431226,57,35.2406015037594,9,3,0
room_accretion,13,0.9283667621776505,48,25.429012345679013,10,2,0
room_accretion,14,1.0,90,39.4804469273743,11,1,0
room_accretion,15,0.985981308411215,56,33.3696682464455,9,3,0
room_accretion,16,0.9715639810426541,52,31.44878048780488,10,2,0
room_accretion,17,0.9931506849315068,70,33.61724137931034,8,4,0
room_accretion,18,0.9968253968253968,56,32.703821656050955,9,3,0
room_accretion,19,0.9887218045112782,55,29.334600760456272,9,3,0
room_accretion,20,0.9962825278810409,75,38.16044776119403,8,4,0
room_accretion,21,1.0,55,29.83646112600536,11,1,0
room_accretion,22,0.9866666666666667,68,32.391891891891895,6,6,0
room_accretion,23,0.9866220735785953,66,35.81694915254237,9,3,0
room_accretion,24,1.0,46,24.983606557377048,10,2,0
room_accretion,25,0.9487179487179487,67,33.26013513513514,9,3,0
room_accretion,26,0.9957264957264957,46,23.935622317596568,7,5,0
room_accretion,27,1.0,51,27.31578947368421,10,2,0
room_accretion,28,0.9320388349514563,75,39.885416666666664,11,1,0
room_accretion,29,0.8184713375796179,67,33.77431906614786,10,2,0
room_accretion,30,0.9877551020408163,42,23.628099173553718,8,4,0
room_accretion,31,0.9957446808510638,60,35.62820512820513,10,2,0
room_accretion,32,1.0,52,24.294871794871796,9,3,0
room_accretion,33,0.9930313588850174,62,36.88070175438597,10,2,0
room_accretion,34,0.018518518518518517,3,1.5,9,3,0
room_accretion,35,0.9956896551724138,75,39.05194805194805,9,3,0
room_accretion,36,1.0,55,29.183266932270918,9,3,0
room_accretion,37,1.0,54,28.699481865284973,11,1,0
room_accretion,38,1.0,48,25.885906040268456,7,5,0
room_accretion,39,1.0,56,29.84084084084084,10,2,0
room_accretion,40,0.9851851851851852,69,40.1203007518797,8,4,0
room_accretion,41,0.9925925925925926,58,29.182835820895523,9,3,0
room_accretion,42,0.975,70,40.84615384615385,7,5,0
room_accretion,43,1.0,69,37.8671096345515,7,5,0
room_accretion,44,0.027874564459930314,4,2.0,9,3,0
room_accretion,45,1.0,43,26.460714285714285,9,3,0
room_accretion,46,0.8557377049180328,79,39.26819923371647,9,3,0
room_accretion,47,1.0,57,30.325925925925926,8,4,0
room_accretion,48,0.9943181818181818,35,19.24,8,4,0
room_accretion,49,1.0,49,27.861244019138756,9,3,0
room_accretion,50,0.9234042553191489,57,30.442396313364057,12,0,0
room_accretion,51,0.997289972899729,78,47.34239130434783,11,1,0
room_accretion,52,0.0594059405940594,6,3.0,8,4,0
room_accretion,53,0.9843260188087775,66,36.94267515923567,9,3,0
room_accretion,54,1.0,75,43.324858757062145,12,0,0
room_accretion,55,1.0,68,35.33116883116883,10,2,0
room_accretion,56,0.9912023460410557,63,30.71301775147929,10,2,0
room_accretion,57,0.011019283746556474,3,1.5,10,2,0
room_accretion,58,0.9959514170040485,60,34.1910569105691,9,3,0
room_accretion,59,0.9950124688279302,91,52.8796992481203,9,3,0
room_accretion,60,0.9923954372623575,76,39.6551724137931,9,3,0
room_accretion,61,0.9217391304347826,37,18.547169811320753,6,6,0
room_accretion,62,0.030534351145038167,7,3.5,10,2,0
room_accretion,63,0.9841269841269841,77,35.52903225806452,8,4,0
room_accretion,64,0.9869565217391304,74,43.21145374449339,6,6,0
room_accretion,65,1.0,69,30.356435643564357,10,2,0
room_accretion,66,0.9879518072289156,56,27.817073170731707,10,2,0
room_accretion,67,0.9888268156424581,57,29.497175141242938,7,5,0
room_accretion,68,1.0,47,22.96969696969697,10,2,0
room_accretion,69,0.9863945578231292,42,20.193103448275863,6,6,0
room_accretion,70,0.9899665551839465,55,29.2972972972973,9,3,0
room_accretion,71,0.9962121212121212,80,41.05703422053232,10,2,0
room_accretion,72,0.9711538461538461,51,24.81188118811881,7,5,0
room_accretion,73,0.9791666666666666,66,31.588652482269502,8,4,0
room_accretion,74,0.9571428571428572,73,44.45373134328358,11,1,0
room_accretion,75,0.8901098901098901,49,28.098765432098766,11,1,0
room_accretion,76,0.005,0,0.0,8,4,0
room_accretion,77,0.9890510948905109,49,22.564575645756456,9,3,0
room_accretion,78,0.004830917874396135,0,0.0,7,5,0
room_accretion,79,0.9925742574257426,58,35.46134663341646,8,4,0
room_accretion,80,0.9900990099009901,52,27.065,7,5,0
room_accretion,81,0.9338842975206612,60,32.84513274336283,7,5,0
room_accretion,82,0.9908256880733946,81,44.01234567901235,10,2,0
room_accretion,83,0.032,7,3.5,10,2,0
room_accretion,84,0.9736842105263158,68,34.22007722007722,9,3,0
room_accretion,85,0.9918367346938776,67,26.909465020576132,9,3,0
room_accretion,86,0.9825581395348837,54,30.059171597633135,9,3,0
room_accretion,87,1.0,52,23.546511627906977,11,1,0
room_accretion,88,0.8996138996138996,53,29.17167381974249,11,1,0
room_accretion,89,0.9963503649635036,66,31.304029304029303,10,2,0
room_accretion,90,0.8913043478260869,60,32.400696864111495,10,2,0
room_accretion,91,0.9916317991631799,54,28.531645569620252,9,3,0
room_accretion,92,0.9202127659574468,47,24.36994219653179,10,2,0
room_accretion,93,0.9839357429718876,57,29.13061224489796,8,4,0
room_accretion,94,0.014925373134328358,3,1.5,10,2,0
room_accretion,95,1.0,68,36.62686567164179,11,1,0
room_accretion,96,0.9906832298136646,64,37.13166144200627,10,2,0
room_accretion,97,1.0,57,29.289915966386555,8,4,0
room_accretion,98,1.0,74,37.11504424778761,12,0,0
room_accretion,99,0.9959514170040485,67,31.349593495934958,8,4,0
bfs,0,1.0,29,19.43777777777778,0,0,1
bfs,1,1.0,29,19.477777777777778,0,0,1
bfs,2,1.0,29,19.011111111111113,0,0,1
bfs,3,1.0,29,19.477777777777778,0,0,1
bfs,4,1.0,29,19.442222222222224,0,0,1
bfs,5,1.0,29,19.011111111111113,0,0,1
bfs,6,1.0,29,19.477777777777778,0,0,1
bfs,7,1.0,29,19.477777777777778,0,0,1
bfs,8,1.0,29,19.011111111111113,0,0,1
bfs,9,1.0,29,19.011111111111113,0,0,1
bfs,10,1.0,29,19.477777777777778,0,0,1
bfs,11,1.0,29,19.011111111111113,0,0,1
bfs,12,1.0,29,19.011111111111113,0,0,1
bfs,13,1.0,29,19.477777777777778,0,0,1
bfs,14,1.0,29,19.011111111111113,0,0,1
bfs,15,1.0,29,19.477777777777778,0,0,1
bfs,16,1.0,29,19.011111111111113,0,0,1
bfs,17,1.0,29,19.011111111111113,0,0,1
bfs,18,1.0,29,19.442222222222224,0,0,1
bfs,19,1.0,29,19.011111111111113,0,0,1
bfs,20,1.0,29,19.433333333333334,0,0,1
bfs,21,1.0,29,19.011111111111113,0,0,1
bfs,22,1.0,29,19.477777777777778,0,0,1
bfs,23,1.0,29,19.011111111111113,0,0,1
bfs,24,1.0,29,19.011111111111113,0,0,1
bfs,25,1.0,29,19.011111111111113,0,0,1
bfs,26,1.0,29,19.477777777777778,0,0,1
bfs,27,1.0,29,19.011111111111113,0,0,1
bfs,28,1.0,29,19.011111111111113,0,0,1
bfs,29,1.0,29,19.477777777777778,0,0,1
bfs,30,1.0,29,19.011111111111113,0,0,1
bfs,31,1.0,29,19.446666666666665,0,0,1
bfs,32,1.0,29,19.011111111111113,0,0,1
bfs,33,1.0,29,19.477777777777778,0,0,1
bfs,34,1.0,29,19.011111111111113,0,0,1
bfs,35,1.0,29,19.477777777777778,0,0,1
bfs,36,1.0,29,19.011111111111113,0,0,1
bfs,37,1.0,29,19.011111111111113,0,0,1
bfs,38,1.0,29,19.455555555555556,0,0,1
bfs,39,1.0,29,19.011111111111113,0,0,1
bfs,40,1.0,29,19.011111111111113,0,0,1
bfs,41,1.0,29,19.446666666666665,0,0,1
bfs,42,1.0,29,19.43777777777778,0,0,1
bfs,43,1.0,29,19.442222222222224,0,0,1
bfs,44,1.0,29,19.011111111111113,0,0,1
bfs,45,1.0,29,19.011111111111113,0,0,1
bfs,46,1.0,29,19.43777777777778,0,0,1
bfs,47,1.0,29,19.477777777777778,0,0,1
bfs,48,1.0,29,19.477777777777778,0,0,1
bfs,49,1.0,29,19.477777777777778,0,0,1
bfs,50,1.0,29,19.011111111111113,0,0,1
bfs,51,1.0,29,19.477777777777778,0,0,1
bfs,52,1.0,29,19.477777777777778,0,0,1
bfs,53,1.0,29,19.011111111111113,0,0,1
bfs,54,1.0,29,19.011111111111113,0,0,1
bfs,55,1.0,29,19.011111111111113,0,0,1
bfs,56,1.0,29,19.477777777777778,0,0,1
bfs,57,1.0,29,19.446666666666665,0,0,1
bfs,58,1.0,29,19.477777777777778,0,0,1
bfs,59,1.0,29,19.442222222222224,0,0,1
bfs,60,1.0,29,19.477777777777778,0,0,1
bfs,61,1.0,29,19.011111111111113,0,0,1
bfs,62,1.0,29,19.477777777777778,0,0,1
bfs,63,1.0,29,19.011111111111113,0,0,1
bfs,64,1.0,29,19.446666666666665,0,0,1
bfs,65,1.0,29,19.011111111111113,0,0,1
bfs,66,1.0,29,19.477777777777778,0,0,1
bfs,67,1.0,29,19.455555555555556,0,0,1
bfs,68,1.0,29,19.011111111111113,0,0,1
bfs,69,1.0,29,19.011111111111113,0,0,1
bfs,70,1.0,29,19.477777777777778,0,0,1
bfs,71,1.0,29,19.011111111111113,0,0,1
bfs,72,1.0,29,19.011111111111113,0,0,1
bfs,73,1.0,29,19.477777777777778,0,0,1
bfs,74,1.0,29,19.442222222222224,0,0,1
bfs,75,1.0,29,19.011111111111113,0,0,1
bfs,76,1.0,29,19.011111111111113,0,0,1
bfs,77,1.0,29,19.477777777777778,0,0,1
bfs,78,1.0,29,19.45111111111111,0,0,1
bfs,79,1.0,29,19.011111111111113,0,0,1
bfs,80,1.0,29,19.011111111111113,0,0,1
bfs,81,1.0,29,19.011111111111113,0,0,1
bfs,82,1.0,29,19.011111111111113,0,0,1
bfs,83,1.0,29,19.455555555555556,0,0,1
bfs,84,1.0,29,19.477777777777778,0,0,1
bfs,85,1.0,29,19.477777777777778,0,0,1
bfs,86,1.0,29,19.477777777777778,0,0,1
bfs,87,1.0,29,19.477777777777778,0,0,1
bfs,88,1.0,29,19.455555555555556,0,0,1
bfs,89,1.0,29,19.477777777777778,0,0,1
bfs,90,1.0,29,19.477777777777778,0,0,1
bfs,91,1.0,29,19.011111111111113,0,0,1
bfs,92,1.0,29,19.011111111111113,0,0,1
bfs,93,1.0,29,19.011111111111113,0,0,1
bfs,94,1.0,29,19.446666666666665,0,0,1
bfs,95,1.0,29,19.45111111111111,0,0,1
bfs,96,1.0,29,19.011111111111113,0,0,1
bfs,97,1.0,29,19.011111111111113,0,0,1
bfs,98,1.0,29,19.011111111111113,0,0,1
bfs,99,1.0,29,19.442222222222224,0,0,1
hybrid,0,0.8793859649122807,36,17.788029925187033,8,7,1
hybrid,1,0.958029197080292,46,23.236190476190476,12,2,1
hybrid,2,0.9196428571428571,54,30.94757281553398,10,5,1
hybrid,3,0.97953216374269,65,35.7955223880597,11,3,1
hybrid,4,0.9502487562189055,69,23.092495636998255,6,8,1
hybrid,5,0.9621087314662273,57,31.046232876712327,10,5,1
hybrid,6,0.9362831858407079,43,29.98109640831758,12,3,1
hybrid,7,0.9495495495495495,56,22.81404174573055,11,3,1
hybrid,8,0.9922239502332815,54,28.66614420062696,10,4,1
hybrid,9,0.9721362229102167,64,27.178343949044585,12,2,1
hybrid,10,0.9593220338983051,84,34.881625441696116,7,7,1
hybrid,11,0.9594356261022927,46,22.196691176470587,11,3,1
hybrid,12,0.9681050656660413,57,31.955426356589147,9,5,1
hybrid,13,0.9222042139384117,48,23.75219683655536,10,4,1
hybrid,14,0.978021978021978,46,24.382022471910112,11,3,1
hybrid,15,0.9552238805970149,48,22.55859375,9,6,1
hybrid,16,0.9510763209393346,52,21.596707818930042,10,5,1
hybrid,17,0.9597197898423818,50,20.021897810218977,8,6,1
hybrid,18,0.9619834710743802,54,32.623711340206185,9,5,1
hybrid,19,0.9379432624113475,53,23.92249527410208,9,6,1
hybrid,20,0.9502762430939227,75,34.85658914728682,8,6,1
hybrid,21,0.9559055118110236,51,25.469522240527183,11,3,1
hybrid,22,0.9705882352941176,39,20.50980392156863,6,8,1
hybrid,23,0.9632,67,27.099667774086377,9,6,1
hybrid,24,0.9537223340040242,44,21.0042194092827,10,5,1
hybrid,25,0.9444444444444444,65,31.330449826989618,9,5,1
hybrid,26,0.9764492753623188,45,30.556586270871986,7,7,1
hybrid,27,0.9558573853989814,52,32.81172291296625,10,5,1
hybrid,28,0.9774193548387097,73,39.64026402640264,11,3,1
hybrid,29,0.9620853080568721,65,38.77832512315271,10,5,1
hybrid,30,0.9549393414211439,42,28.814882032667878,8,7,1
hybrid,31,0.981203007518797,60,27.419540229885058,10,4,1
hybrid,32,0.022774327122153208,5,3.272727272727273,9,6,1
hybrid,33,0.9560067681895094,58,29.961061946902653,10,5,1
hybrid,34,0.007936507936507936,3,1.5,9,6,1
hybrid,35,0.9652014652014652,57,32.07210626185958,9,5,1
hybrid,36,0.9583333333333334,51,23.49905482041588,9,6,1
hybrid,37,0.9280155642023347,51,22.28721174004193,11,4,1
hybrid,38,0.9383259911894273,38,18.586854460093896,7,8,1
hybrid,39,0.9914383561643836,56,26.03454231433506,10,4,1
hybrid,40,0.953125,59,25.207650273224044,8,7,1
hybrid,41,0.948943661971831,57,23.296846011131727,9,6,1
hybrid,42,0.9239130434782609,70,37.747058823529414,7,8,1
hybrid,43,0.014900662251655629,4,2.0,7,8,1
hybrid,44,0.01509433962264151,4,2.0,9,6,1
hybrid,45,0.9492753623188406,43,24.265267175572518,9,6,1
hybrid,46,0.91,64,23.82051282051282,9,5,1
hybrid,47,0.9909420289855072,49,25.577696526508227,8,7,1
hybrid,48,0.9545454545454546,48,21.77639751552795,8,7,1
hybrid,49,0.9717741935483871,49,29.134854771784234,9,5,1
hybrid,50,0.9135338345864662,57,27.0,12,2,1
hybrid,51,0.9691833590138675,78,47.950715421303656,11,4,1
hybrid,52,0.0223463687150838,6,3.0,8,7,1
hybrid,53,0.9603960396039604,66,32.19931271477663,9,5,1
hybrid,54,0.9617834394904459,69,35.38245033112583,12,3,1
hybrid,55,0.9680672268907563,54,20.63888888888889,10,4,1
hybrid,56,0.9629005059021922,63,26.509632224168126,10,5,1
hybrid,57,0.00641025641025641,3,1.5,10,4,1
hybrid,58,0.9559633027522936,55,23.149712092130518,9,6,1
hybrid,59,0.9628040057224606,91,49.71173848439822,9,6,1
hybrid,60,0.9667250437828371,76,45.333333333333336,9,5,1
hybrid,61,0.9458823529411765,40,18.48507462686567,6,8,1
hybrid,62,0.014545454545454545,7,3.5,10,4,1
hybrid,63,0.9682539682539683,75,33.4655737704918,8,7,1
hybrid,64,0.9442446043165468,66,39.74095238095238,6,8,1
hybrid,65,0.9864406779661017,69,28.742268041237114,10,4,1
hybrid,66,0.9793233082706767,56,29.618042226487525,10,4,1
hybrid,67,0.9717171717171718,57,25.045738045738045,7,7,1
hybrid,68,0.9669724770642202,45,21.25237191650854,10,5,1
hybrid,69,0.9565217391304348,43,30.341991341991342,6,8,1
hybrid,70,0.01971326164874552,5,3.272727272727273,9,6,1
hybrid,71,0.9317773788150808,56,28.416184971098264,10,5,1
hybrid,72,0.9615384615384616,40,21.28,7,7,1
hybrid,73,0.9456342668863262,64,38.91637630662021,8,6,1
hybrid,74,0.9196850393700787,68,43.51541095890411,11,4,1
hybrid,75,0.908411214953271,43,21.901234567901234,11,4,1
hybrid,76,0.9247104247104247,46,21.430062630480165,8,7,1
hybrid,77,0.9712230215827338,50,21.492592592592594,9,5,1
hybrid,78,0.001949317738791423,0,0.0,7,8,1
hybrid,79,0.9406528189910979,58,29.20504731861199,8,7,1
hybrid,80,0.958904109589041,55,22.17142857142857,7,8,1
hybrid,81,0.9266917293233082,58,28.056795131845842,7,8,1
hybrid,82,0.9466463414634146,81,41.2157809983897,10,5,1
hybrid,83,0.015384615384615385,7,3.5,10,4,1
hybrid,84,0.9541446208112875,68,42.49907578558226,9,5,1
hybrid,85,0.9788732394366197,67,36.57913669064748,9,6,1
hybrid,86,0.9634146341463414,54,23.87552742616034,9,6,1
hybrid,87,0.9644194756554307,52,22.17864077669903,11,3,1
hybrid,88,0.9437386569872959,56,21.498076923076923,11,3,1
hybrid,89,0.9595782073813708,66,38.959706959706956,10,5,1
hybrid,90,0.8872305140961857,51,20.699065420560746,10,5,1
hybrid,91,0.9636015325670498,43,24.061630218687874,9,5,1
hybrid,92,0.9203354297693921,44,19.273348519362187,10,4,1
hybrid,93,0.9340659340659341,55,23.83921568627451,8,7,1
hybrid,94,0.007366482504604052,3,1.5,10,4,1
hybrid,95,0.9577464788732394,61,32.61764705882353,11,4,1
hybrid,96,0.9576547231270358,47,22.17687074829932,10,4,1
hybrid,97,0.9716024340770791,57,24.1419624217119,8,6,1
hybrid,98,0.9830795262267343,74,29.72117039586919,12,3,1
hybrid,99,0.9574468085106383,44,20.503703703703703,8,7,1
